month_id,month_track_number,month_number,month_name,month_order,fk_status_id,month_created_by,month_last_modified_by,month_created_date,month_last_modified_date,fk_approval_id
1,MOTH-1375,1,January,7,"0",1,1,2020-08-20,"0000-00-00",21
2,MOTH-2590,2,February,8,"0",1,1,2020-08-20,"0000-00-00",22
3,MOTH-78171,3,March,9,"0",1,1,2020-08-20,"0000-00-00",23
4,MOTH-48550,4,April,10,"0",1,1,2020-08-20,"0000-00-00",24
5,MOTH-45398,5,May,11,"0",1,1,2020-08-20,"0000-00-00",25
6,MOTH-27703,6,June,12,"0",1,1,2020-08-20,"0000-00-00",26
7,MOTH-78602,7,July,1,"0",1,1,2020-08-20,"0000-00-00",27
8,MOTH-87313,8,August,2,"0",1,1,2020-08-20,"0000-00-00",28
9,MOTH-5546,9,September,3,"0",1,1,2020-08-20,"0000-00-00",29
10,MOTH-14644,10,October,4,"0",1,1,2020-08-20,"0000-00-00",30
11,MOTH-10413,11,November,5,"0",1,1,2020-08-20,"0000-00-00",31
12,MOTH-21433,12,December,6,"0",1,1,2020-08-20,"0000-00-00",32
